PUMA_ASSAY_ID,roc_auc,balanced_acc,precision,recall,auprc,f1_score,auprg
1_1,0.7595238095238095,0.780952380952381,0.14545454545454545,1.0,0.3055555555555556,0.25,0.08459595959595959
10_19,0.7142857142857143,0.7619047619047619,0.15555555555555556,1.0,0.23809523809523808,0.26666666666666666,0.03382034632034631
10_20,0.5096153846153846,0.5564903846153846,0.10714285714285714,0.75,0.35096153846153844,0.17777777777777776,0.005592814048696403
100_277,0.7766666666666666,0.7830555555555556,0.42333333333333334,0.9333333333333332,0.6277777777777777,0.5466666666666666,0.0795887445887446
100_278,0.7333333333333334,0.7035714285714285,0.6933333333333332,0.75,0.7316666666666667,0.6457142857142857,0.1980735930735931
104_291,0.8173076923076923,0.6201923076923077,0.3501984126984127,0.7916666666666666,0.8,0.4833333333333333,0.20246663059163061
105_355,0.8200549450549451,0.7760989010989011,0.3214285714285714,1.0,0.625,0.4777777777777778,0.06448412698412699
105_369,0.5479166666666667,0.5687500000000001,0.1259920634920635,0.75,0.225,0.21250000000000002,-0.002331349206349198
105_361,0.8378510378510379,0.7792429792429793,0.29894179894179895,1.0,0.48333333333333334,0.43703703703703706,0.10443121693121694
105_378,0.689935064935065,0.5538961038961039,0.30753968253968256,0.7,0.6188888888888888,0.4206349206349206,0.07488455988455989
105_352,0.6811111111111111,0.5656410256410256,0.3246031746031746,0.6333333333333333,0.6651994301994302,0.42666666666666664,0.06415635290635292
104_289,0.7423076923076923,0.6160256410256411,0.3234126984126984,0.7916666666666666,0.675,0.4484848484848485,0.17468885281385282
105_375,0.686996336996337,0.6542124542124542,0.2515873015873016,0.8,0.4133333333333333,0.3749494949494949,0.0671825396825397
104_325,0.9583333333333334,0.6569444444444444,0.3333333333333333,0.6666666666666666,0.8333333333333334,0.4444444444444444,0.1851851851851852
104_297,0.9583333333333334,0.75,0.41666666666666663,1.0,0.9166666666666666,0.5833333333333333,0.08333333333333333
104_299,0.9375,0.721875,0.5,0.75,0.8333333333333333,0.5833333333333333,0.18055555555555558
104_300,0.6071428571428572,0.6369047619047619,0.44047619047619047,1.0,0.6329365079365079,0.6083333333333333,-0.011309523809523811
104_326,0.6428571428571429,0.7738095238095237,0.4642857142857143,1.0,0.5436507936507936,0.6333333333333333,0.007936507936507936
104_323,0.9857142857142858,0.8566666666666667,0.75,0.9,0.9666666666666666,0.7466666666666666,0.20277777777777778
105_339,0.7827272727272728,0.6562121212121212,0.4031746031746032,0.76,0.7376263736263736,0.5064069264069264,0.13208699633699633
105_341,0.7996153846153847,0.663974358974359,0.4309523809523809,0.7833333333333333,0.72,0.5520479520479521,0.1787626262626263
105_360,0.6904040404040405,0.6348484848484849,0.34325396825396826,0.825,0.5603418803418803,0.47619047619047616,0.07367292429792431
105_362,0.7295238095238096,0.6775457875457875,0.346031746031746,0.8333333333333333,0.620940170940171,0.47555555555555556,0.06216561216561216
105_374,0.7847222222222222,0.6583333333333333,0.43353174603174605,0.8333333333333334,0.7400132275132274,0.5666666666666667,0.12401996151996153
105_382,0.7111111111111111,0.6326251526251526,0.39682539682539686,0.7428571428571429,0.6956000348857492,0.5116666666666666,0.05576177790463506
105_385,0.7890211640211641,0.6124338624338624,0.12222222222222223,0.6666666666666666,0.38888888888888884,0.20634920634920637,0.0824074074074074
105_391,0.8630952380952381,0.7976190476190476,0.45555555555555555,1.0,0.611111111111111,0.5396825396825397,0.06018518518518518
106_392,0.8355769230769231,0.5668269230769231,0.08928571428571429,0.5,0.5416666666666666,0.14814814814814814,0.10201914098972924
108_394,0.5910714285714286,0.5973214285714286,0.19583333333333333,0.625,0.5148809523809523,0.29642857142857143,-0.018064574314574318
109_395,0.7297619047619046,0.6330357142857144,0.2765151515151515,0.75,0.47777777777777775,0.3988095238095238,0.06515151515151515
11_21,0.17857142857142858,0.4464285714285714,0.08333333333333333,0.25,0.3055555555555556,0.125,-0.109375
11_22,0.3968253968253968,0.6031746031746031,0.27777777777777773,0.8333333333333334,0.3148148148148148,0.4166666666666667,-0.056250000000000015
110_397,0.4234012515262515,0.5132097069597069,0.08703007518796993,0.375,0.1607741608106597,0.14070048309178743,-0.006705854152267345
110_398,0.5313670204924075,0.6155526684357954,0.1507117882117882,0.9,0.18484122788381419,0.2539966310704297,0.0252596391092915
110_399,0.5690661416354523,0.5057685880391457,0.07666666666666666,0.29999999999999993,0.150097439110597,0.1211111111111111,0.032882274344735646
110_400,0.7036967418546366,0.6128446115288221,0.07792207792207792,0.5,0.12536181139122315,0.1346153846153846,0.030129528098502268
110_401,0.48289733742959545,0.41528161802355346,0.0724310776942356,0.17,0.14269238752248342,0.09586020386935719,-0.005009566473401638
111_402,0.8612962962962964,0.7699074074074074,0.2733333333333333,0.7833333333333333,0.7240873015873015,0.36380952380952375,0.1776408012737414
112_406,0.4583333333333333,0.6458333333333334,0.27777777777777773,1.0,0.5,0.42857142857142855,-0.06481481481481481
113_407,0.75,0.70625,0.5416666666666666,0.9375,0.7482142857142857,0.65,-0.034399801587301576
114_408,0.6875,0.59375,0.25,1.0,0.5833333333333334,0.39285714285714285,-0.013888888888888888
116_411,0.5475627240143369,0.5131254480286739,0.1071264367816092,0.72,0.2794431922155708,0.17644112653550384,0.0020735958748593266
116_412,0.5772772366522366,0.6088654401154401,0.11971988795518207,0.9,0.22112516138831925,0.2079360165118679,0.0210414119334398
116_413,0.4955357142857143,0.4642857142857143,0.1,0.25,0.36111111111111116,0.14285714285714285,-0.012152777777777783
116_415,0.6070707070707072,0.5499999999999999,0.2738095238095238,0.6,0.4468783068783069,0.35555555555555557,0.027782587782587784
116_416,0.3338383838383838,0.454040404040404,0.18308080808080807,0.6666666666666666,0.22751322751322747,0.2846153846153846,-0.05842190217190218
116_420,0.6019607843137255,0.7174019607843137,0.1388888888888889,1.0,0.19047619047619047,0.2350877192982456,0.023809523809523808
116_421,0.3544973544973545,0.37023809523809526,0.037037037037037035,0.1111111111111111,0.12707400624067292,0.05555555555555555,-0.02989333197666531
116_424,0.7314814814814814,0.7407407407407408,0.1759259259259259,0.8888888888888888,0.24215167548500882,0.2888888888888889,0.05179654032853207
116_425,0.1842105263157895,0.43146929824561403,0.06666666666666667,0.3333333333333333,0.10381836945304439,0.1111111111111111,-0.021402362114436413
116_426,0.4045707405769326,0.4634416924664603,0.07414565826330533,0.5833333333333333,0.15734008479924994,0.12966374269005848,-0.0028844223016583404
116_427,0.42810075225545124,0.37617638549146476,0.08666666666666667,0.16666666666666666,0.20588223070259684,0.1130952380952381,-0.018672739999172176
117_429,0.7458333333333333,0.7460714285714285,0.4142424242424242,0.8714285714285716,0.6511107313738893,0.5446491228070175,0.24652410364326025
117_430,0.7604636591478697,0.7827224310776942,0.21856060606060604,1.0,0.37133838383838386,0.35000000000000003,0.07935213940648722
118_432,0.8039565826330533,0.7864845938375349,0.41666666666666663,0.8333333333333333,0.6183531746031746,0.5095238095238095,0.1813852813852814
118_434,0.5380952380952381,0.5773809523809523,0.5,0.5666666666666667,0.615,0.49333333333333335,0.0027182539682539695
12_23,0.7632142857142857,0.6911904761904764,0.5316666666666666,0.7333333333333333,0.7244444444444444,0.6116239316239316,0.20054563492063493
13_24,0.756547619047619,0.6645238095238095,0.5316666666666666,0.7,0.7244444444444444,0.5982905982905983,0.2039186507936508
134_477,0.0,0.35416666666666663,0.0,0.0,0.13846153846153847,0.0,-0.06923076923076923
14_25,0.8357142857142857,0.7293956043956044,0.4716666666666667,0.8333333333333333,0.7985714285714286,0.5871794871794871,0.22999999999999998
143_495,0.6252380952380953,0.5743849206349206,0.30787878787878786,0.5866666666666667,0.39816233766233766,0.3841575091575091,0.06226122905302471
145_497,0.6527777777777778,0.5208333333333333,0.27142857142857146,0.75,0.43749999999999994,0.3968253968253968,0.04153138528138528
15_26,0.9052287581699345,0.7450980392156863,0.31666666666666665,1.0,0.6388888888888888,0.443939393939394,0.2228835978835979
153_510,0.85,0.725,0.15476190476190477,1.0,0.625,0.26785714285714285,0.017045454545454544
154_511,0.9259259259259259,0.7962962962962963,0.47222222222222227,1.0,0.8055555555555555,0.5619047619047618,0.17297979797979793
16_27,0.7208624708624709,0.6388548951048951,0.36875,0.6875,0.6212003968253967,0.46969696969696967,0.21169146825396823
167_539,0.7113636363636363,0.7806818181818181,0.3095238095238095,1.0,0.36428571428571427,0.4537037037037037,0.07128427128427128
167_538,0.7113636363636363,0.7806818181818181,0.3095238095238095,1.0,0.36428571428571427,0.4537037037037037,0.07128427128427128
168_541,0.7222222222222222,0.7361111111111112,0.15476190476190477,1.0,0.29166666666666663,0.26785714285714285,0.08237179487179486
168_542,0.5728594322344323,0.6391082875457875,0.20277777777777778,0.75,0.268524531024531,0.29567099567099564,0.022478599616757515
168_543,0.6618589743589743,0.6927083333333334,0.29305555555555557,0.8333333333333333,0.36041666666666666,0.40800865800865804,0.09534774436090226
169_544,0.7610683760683761,0.735491452991453,0.2871328671328671,0.9333333333333333,0.40388888888888885,0.4247619047619048,0.08196608946608946
169_545,0.7312324929971988,0.7021942110177404,0.16356643356643358,0.9,0.3883333333333333,0.27267399267399267,0.028510101010101013
169_548,0.5392857142857143,0.6142857142857143,0.15291375291375292,0.8333333333333334,0.1886243386243386,0.25811965811965815,0.000280506530506532
169_549,0.8106309523809523,0.7168253968253968,0.5641958041958042,0.8422222222222222,0.7603052503052504,0.6319298245614036,0.30014994264994266
170_550,0.5726190476190476,0.6300595238095238,0.1746031746031746,0.75,0.26875,0.27840909090909094,0.02449786732874968
170_551,0.07142857142857145,0.1450892857142857,0.0,0.0,0.06787330316742082,0.0,-0.028808446455505277
174_555,0.7472222222222222,0.8486111111111111,0.22777777777777777,1.0,0.24206349206349206,0.36060606060606065,0.054788359788359796
177_585,0.6034066251521182,0.5506347816979382,0.01171584453771774,0.6770833333333334,0.03804189940294445,0.02289515876009892,0.011982890929717261
178_591,0.8333333333333334,0.8444444444444444,0.23809523809523808,1.0,0.5833333333333334,0.375,0.010416666666666664
178_684,0.6527712505384559,0.5968123796097193,0.10637054178893098,0.5426794258373205,0.3137993568004065,0.1772222222222222,0.18911199808160858
179_659,0.5927111563469929,0.5882166815819662,0.009155411590370123,0.6,0.015412450268597572,0.017993442798503814,0.0035828275006010457
18_29,0.9553571428571428,0.8630952380952381,0.5895833333333333,1.0,0.8777777777777778,0.7101648351648351,0.28404017857142855
180_686,0.6524967619110786,0.6397022815272836,0.1456203796203796,0.6398712398712398,0.19488079850452805,0.23549198560605542,0.07684741396888488
181_599,0.7277777777777779,0.8361111111111111,0.3444444444444444,1.0,0.38888888888888884,0.5,0.046581196581196575
183_604,0.6634329177065895,0.5876649820719024,0.08037012103531999,0.5451587301587301,0.2575374812048551,0.1371440431714404,0.1358247972296653
184_606,0.7828549819043912,0.6888457660939619,0.1650568639941615,0.7003147747393272,0.4753473054950604,0.2653666499154318,0.3286471047542933
185_665,0.47900792426731276,0.46964829510508393,0.02892798546420968,0.35238095238095235,0.08715823900757853,0.053398929754296644,0.035032072568389146
185_666,0.5541147046528505,0.5084217238617682,0.04444756155380199,0.42598039215686273,0.09940592957283692,0.08004075043960451,0.03598490810109019
186_668,0.7022389306720604,0.6459582873100438,0.061482824012800495,0.6025396825396825,0.3956532163728289,0.11121899720454412,0.2720377469904777
186_669,0.6452766152303053,0.6422204465794586,0.027051561365286858,0.5833333333333334,0.345096320417885,0.05158730158730159,0.13240241192963584
187_618,0.3948209087336944,0.42371840886843176,0.016360263113509865,0.24444444444444446,0.03348565847494165,0.03006770211071286,0.0034498057173623572
187_619,0.71325330371383,0.7756429425837321,0.2388888888888889,0.75,0.36666666666666664,0.35876623376623373,0.10645269585486976
19_30,0.7760416666666666,0.609375,0.3380952380952381,0.6666666666666666,0.6645833333333333,0.42063492063492064,0.21948450854700854
190_628,0.43042730993484446,0.4584923580732947,0.021838288055865508,0.33158730158730154,0.036081529358351336,0.04069790085572007,-0.0012100290413047856
190_629,0.5854092565722754,0.5786650617962982,0.024194616491229247,0.5409523809523809,0.05624098930216367,0.04602610282063578,0.018684569929077525
190_674,0.40368380010632066,0.4256556067550724,0.015354452814999711,0.32666666666666666,0.024085144402593982,0.029158724769456155,-0.002627721549446218
191_630,0.5110594575399674,0.5390511458216671,0.0200358290554369,0.6662393162393163,0.026000593126507782,0.03879336507651622,0.005358578208994621
191_631,0.5050119109746187,0.551722864621534,0.018966191346793844,0.6885714285714286,0.022292857065885206,0.036746253347050215,0.003867588148981637
191_675,0.4407492780528053,0.5616914191419142,0.009746867603599748,0.625,0.015732494339864116,0.019143340546015377,-0.000338709516688568
192_635,0.7666666666666668,0.7416666666666667,0.212797619047619,0.75,0.6008852258852259,0.32386363636363635,0.12460519464195938
193_723,0.5749042132570497,0.5794008367506465,0.0753481731067938,0.5770995670995671,0.11875341708426483,0.13228132224987205,0.03341203026761942
194_639,0.4857152499218369,0.4811167226989232,0.029430136351188036,0.3898834498834499,0.04704038196210062,0.05456596164112126,0.006062137672149285
194_678,0.5616324356923781,0.5512235270289404,0.015185046652784123,0.5133333333333333,0.026414703033383873,0.02925609205297522,0.00531898038598042
195_642,0.5592139732747544,0.5405902721526253,0.09375580879652856,0.43229713423831073,0.190478150680296,0.15278604402436985,0.08578040839250639
196_644,0.6217121547499656,0.6059979900031831,0.005879856018257315,0.6,0.007574473150817785,0.011616288644536682,0.0010301255166631107
197_645,0.4563178449629922,0.4355669389504909,0.09106060606060606,0.39291678393845575,0.12604729665496672,0.14611664386625728,-0.008751091279273718
197_646,0.42489788119561667,0.34195172134466956,0.019905897530758797,0.2552380952380952,0.04463435008153192,0.03654787972815346,-0.007889798743197538
197_647,0.30628205128205127,0.3581196581196581,0.0879120879120879,0.2,0.15598722111222113,0.11978609625668449,-0.025833332767736795
197_648,0.8092796092796092,0.7736874236874236,0.19576719576719573,0.8333333333333334,0.29419191919191917,0.3074074074074074,0.08871641249092228
197_649,0.5407489227963282,0.5527245125135976,0.147444133583596,0.4888175165504586,0.17187925057037723,0.22386023812728806,0.03593874208890245
197_650,0.5862003024099651,0.5829762860554378,0.06779359139103565,0.5474436177633109,0.1082720268123791,0.11852250399196254,0.025874459620969913
197_651,0.757614329519113,0.6931297299816366,0.02805069425506772,0.7166666666666667,0.1569796710030821,0.05364529505937515,0.033883676619586904
198_682,0.7278091939044624,0.6782351397063658,0.1377895779181754,0.6576220530287852,0.2776251249353847,0.22752847868015408,0.17424238893832442
199_657,0.5624235034932585,0.5496795752384959,0.03978085001235483,0.4599747474747475,0.10624101159508378,0.0729909227727947,0.02506293454641844
201_660,0.9047149821336194,0.7754907142520708,0.1436584249084249,0.7916666666666666,0.45491071428571433,0.2313970588235294,0.20043421630886382
202_661,0.892841401000626,0.8007468156501278,0.06777064884924354,0.8066666666666666,0.4516744039985555,0.12424930614967641,0.32633229081362936
203_662,0.4712023584213619,0.48838638803727513,0.010093866802582398,0.4444444444444444,0.016406335875381844,0.019716217707609385,0.0019716082566972036
204_663,0.6050930168007544,0.5550133365819572,0.008619791666666668,0.45833333333333337,0.154748749122883,0.016751339425805454,0.07169610315615678
205_664,0.6150294006525471,0.6001855374781175,0.1399533086212045,0.5423725055432372,0.1755704066994719,0.2220605593446729,0.0660992012486495
206_670,0.4651132416954836,0.4853244463582099,0.018741052941888096,0.3876190476190476,0.02962689499635889,0.035407060037389235,0.0025991287602389105
206_671,0.47955995293013604,0.461752219098477,0.02336945213432988,0.34406593406593405,0.038001510129616126,0.0434093049932695,0.0022581192885241467
207_672,0.39052403317585205,0.43771431202105615,0.03360482865450834,0.3491704374057315,0.039456676328055315,0.06070409904774289,-0.004732036478441409
208_673,0.6792740383284198,0.6605295982737827,0.03160730082986092,0.6576190476190475,0.0672695671956975,0.059925051298301744,0.032934285474221975
209_676,0.37966177821224417,0.38897279743281143,0.001444966092853417,0.26666666666666666,0.005307597970151625,0.0028687102371312894,-0.0010394885917921607
210_677,0.4993348412180259,0.49230368312720535,0.02615649816435083,0.5698840579710145,0.028550574376962585,0.04981204994252563,-0.0003503575948757681
212_680,0.45733065848970433,0.44504974728403246,0.00411313518696069,0.3,0.007865295123130318,0.008114914653483817,-3.2096269605889296e-05
213_681,0.5224702438621724,0.5282592346050827,0.09476498622311365,0.6245940939304784,0.1109698144091678,0.16400545156201266,0.007950148757476749
214_683,0.5683116769336278,0.5676923634173211,0.019814727632217637,0.7226190476190476,0.034952597590139446,0.03850761375885507,0.008493602572666107
215_685,0.7966742943501064,0.7166191546445273,0.129544021470248,0.7518021218149096,0.45847367483682167,0.218432271509546,0.3492809557247151
216_687,0.5688475291873824,0.5434343208178929,0.017169359766447147,0.6619047619047619,0.03445242926665744,0.03343998775260257,0.010681176811016744
217_688,0.6072702535193677,0.5740632663789443,0.1351275063039769,0.497281501747986,0.17403014560988578,0.2117450233537924,0.06167958490688304
217_689,0.6061076103670882,0.6013911646407175,0.06370899769140734,0.6137878787878788,0.10030056720418093,0.11461032327259209,0.03584497922196549
219_691,0.4894875992927291,0.504735903098875,0.018944398589114883,0.3823809523809524,0.03258807058013083,0.035984620280404125,0.004864336417191179
220_692,0.5299226025153746,0.5367496979536628,0.029039182450473704,0.47729110512129386,0.040298099107667726,0.054737875818020046,0.008982093583572614
221_693,0.6367284982294684,0.6057013583589816,0.044645805031334716,0.5479504417465539,0.07954019369029744,0.08234439711079414,0.042500736098030296
223_695,0.586594788782862,0.5667286985506296,0.022914572908231474,0.4833333333333333,0.05070380367801384,0.04350550087419498,0.019417220699323934
224_696,0.5701052991570703,0.5506002689414641,0.055119399825904324,0.47872812430087974,0.05476615627624619,0.09866743065002893,0.006123667407159313
225_697,0.6132992562443736,0.6437649358862494,0.0149186481125888,0.6,0.0885571580684018,0.029106322584583455,0.04863482554268593
227_699,0.5202607361757113,0.5066811736463436,0.012191766723842198,0.3633333333333333,0.05544536663413298,0.023584600760496944,0.0254157840783507
228_700,0.5422131054391216,0.5089305335422767,0.07862380578111729,0.4166666666666667,0.14445942839523934,0.13118348919315023,0.04178521828624817
229_701,0.5195837783945679,0.5230258159525311,0.10288042892040228,0.44311010479659474,0.13933290127831033,0.16622316869826165,0.03199424321496226
23_34,0.33333333333333337,0.38541666666666663,0.1125,0.5,0.21856060606060607,0.18333333333333335,-0.03137903762903763
230_702,0.5579734976677679,0.5237579979434585,0.025659902277875495,0.4223809523809524,0.06337075217319516,0.04834459527887007,0.011728003846678001
231_703,0.574621889966512,0.5548320042121488,0.04146285183243807,0.4629786641316217,0.09979357795516003,0.07604655651755607,0.052493645195821795
232_704,0.6991058059054838,0.6490890811838083,0.15838381072747704,0.6011957730812012,0.31014590509192835,0.2502899488572787,0.1926694275569558
232_705,0.5954726208611596,0.5751551201518367,0.06159075874489611,0.4829131652661064,0.1544321894651976,0.10913074121148655,0.07421329389698357
233_706,0.59505621327448,0.5761627877639816,0.017775903029941458,0.5059005940296263,0.03442247419553206,0.03428529780020549,0.01732621589545285
234_707,0.5531462775004389,0.5348302044810554,0.03891785323030528,0.46023192145080155,0.05176829191643677,0.07172118460545432,0.013069633618158199
235_708,0.6420117296095972,0.6172405179548167,0.07052053244479203,0.5647466031150818,0.09845577694493156,0.12513550245944613,0.04820824716542027
236_709,0.6751279107361807,0.6375185212788185,0.1660813590150627,0.5772148370006388,0.28653902520121494,0.257368208071221,0.16413402343947084
237_710,0.6789961125135295,0.6086571427481072,0.03486608303074855,0.5473809523809523,0.07391988825165721,0.0652768734055435,0.03959925699152474
237_711,0.4133558219841038,0.5266642203020568,0.006936471488710294,0.5,0.015108395423025086,0.013682055100521222,4.695646482905352e-05
238_712,0.5821924191848423,0.5575898029398946,0.051824887820562174,0.4868193336011589,0.06534980650245095,0.09336112261813287,0.022278388517751498
239_713,0.5361851094063546,0.5099772328651709,0.013375946932135504,0.41994250293368174,0.0181448405086726,0.025896561207215656,0.0034927509599877483
24_35,0.7070707070707071,0.5444444444444444,0.3333333333333333,0.5555555555555555,0.7888888888888889,0.41269841269841273,0.12581400081400082
240_714,0.652530594835952,0.6144578855079667,0.06426513506478329,0.5683728304029056,0.07600228305399749,0.11537669573511429,0.03370228768636372
241_715,0.5148070597215234,0.5230112363947699,0.04614567762710774,0.601934964197738,0.04350910630928733,0.08562494491101869,-0.00023488029822687687
242_716,0.47050304756823175,0.48311416266183754,0.0188209761559251,0.4703837064184676,0.02015337468478697,0.03594756358139107,-0.0009285648713721381
243_717,0.4664136790861054,0.48999424738335984,0.01046369503534254,0.48951347767204545,0.01254685665742277,0.02045918284518229,2.5050971080974387e-05
244_718,0.5082502456090904,0.5222719107852622,0.006549432868139993,0.46130173919647605,0.009699675202802821,0.012895112214228274,0.0019013425521731153
245_719,0.54794877725508,0.5354535244771202,0.08624481901077645,0.43485832175487343,0.12467380637969767,0.14322465977846002,0.035911796605842004
246_720,0.6159790164438175,0.6072832505358073,0.011534827618601884,0.5651301330248699,0.016196223337474436,0.022587529456850254,0.006482514160201553
247_721,0.5540629190545505,0.5571413614822968,0.015945820434436063,0.5211212121212122,0.016772357505245503,0.030900981442185237,0.0029869691348800064
248_722,0.52198676177792,0.5141033430592337,0.03180457129474874,0.44110530391018193,0.036774614299685225,0.05920654068186111,0.004801609170060972
249_724,0.5199922506522797,0.5172748550406366,0.04688924243991492,0.45176221338967065,0.04726907140916082,0.08481943267196115,0.0029134113897015955
25_36,0.3943181818181818,0.41874999999999996,0.1125,0.375,0.31175595238095233,0.17142857142857143,-0.04684222027972028
250_725,0.8047358193226677,0.6989592620543634,0.015691151174510344,0.7261904761904763,0.12943925528712,0.030516250860449106,0.056781098956192454
250_726,0.7839629447025107,0.7045115496166497,0.03312637034998395,0.7405555555555555,0.12923749760285658,0.06299708367901227,0.0810284439579559
251_727,0.6726456386450865,0.6303531769238095,0.012484806891305971,0.5670772238514175,0.06003613040531527,0.024356382238114056,0.0394563500784347
253_729,0.6135367738201246,0.5919732304655547,0.06580678314491263,0.5714616755793227,0.08933043904796747,0.11575943290148234,0.028981165592940283
254_730,0.9307208875613784,0.8415739972738745,0.047465929294950936,0.9464285714285715,0.21975291659134646,0.08942920585161965,0.14841184999929413
257_735,0.540189037671438,0.5396659845534362,0.12373236581875342,0.4461794303257718,0.13999576250836848,0.19358850637029007,0.020329214336922176
258_736,0.54662933849922,0.5216367036760381,0.007879139660209328,0.6533333333333333,0.017878135337826,0.01552937969658721,0.0040917860395424405
259_737,0.5837291559536439,0.5876865129542957,0.006676237387743439,0.705,0.011502299893364409,0.01321607438932868,0.0032970198318300553
260_738,0.5654072050049719,0.5469570856806547,0.0566092846573796,0.4898716157609611,0.0710353531038725,0.10115839779250053,0.01865091630409173
261_739,0.6018671339077537,0.5755341228103609,0.08133613976436922,0.532912775554285,0.10214572521232282,0.14036524284945498,0.03584040059080767
262_740,0.6690997562181193,0.6628616263048763,0.042200222699664745,0.6421933621933621,0.12600665177193127,0.07881559070685218,0.06069254895123359
263_741,0.5425723453120568,0.5244948158581045,0.07845339126302388,0.41819122906079426,0.11791818276248933,0.13144955754577686,0.028109003329262416
264_742,0.6496647060738966,0.6282548071031024,0.004590811091633098,0.5733333333333334,0.02365013559558299,0.00910232890687383,0.011834823824501883
265_743,0.5498035557281129,0.5259971264061141,0.06604633907251176,0.4450539171548814,0.09597844812975745,0.1147207454526649,0.029236676216806888
266_744,0.5556689581116195,0.5367814717671985,0.02728547274010241,0.4679817275747508,0.031088312119910245,0.05148529899492212,0.0052441052908237685
267_745,0.6487079278680028,0.6039724135480743,0.04249700099704997,0.5391536248842085,0.062170692305129636,0.07849070961402152,0.03072990904873355
268_746,0.5761557219378746,0.5639814620084029,0.04248110133471654,0.5212298911659525,0.04491584039186112,0.07847195760785518,0.010766369830802341
269_747,0.5621735648778643,0.5524580162082386,0.049681888384415875,0.49578666741053123,0.05814674657361002,0.08998246106543797,0.015653523228402483
27_38,0.5836515151515151,0.5820959595959596,0.6728571428571428,0.42000000000000004,0.6397835492394316,0.48085052202699263,0.08001897252787346
27_39,0.7093928062678063,0.6761752136752136,0.5257142857142858,0.6083333333333333,0.5238626079802551,0.4825396825396825,0.10074678888291506
270_748,0.5536341592866463,0.5426440199534129,0.008924643416316387,0.48151848151848153,0.016091348940669416,0.017502875617793356,0.004623220493888849
271_749,0.5179214181452315,0.519445059988106,0.15432253543266775,0.41322564576958654,0.1785295227086891,0.2230593238619519,0.018815998665868448
272_750,0.4171707714243781,0.45936495568751673,0.02071427673279808,0.4336842105263158,0.02280019483826271,0.03937115814032581,-0.0035515214047710762
273_751,0.44193343163438986,0.4532864869613956,0.02063946629398449,0.38269230769230766,0.025458114057828933,0.03903167148296546,-0.003516156419298609
274_752,0.43748549564113287,0.4583390664274799,0.00590019392945285,0.4108785950891214,0.006569386658893496,0.011628033811709376,-0.0010012701890659244
275_753,0.8442482048744571,0.7902121870865464,0.09328029920664574,0.8277777777777778,0.4378825605481359,0.16590237484058803,0.26438442703651555
275_754,0.5194615675306645,0.5029397639441215,0.0071699547891431415,0.39588100686498856,0.034391412013153856,0.014082775351193951,0.013051432729840776
276_755,0.46364747957016633,0.45616999963248916,0.008629490402130235,0.3476143790849673,0.011354532556541815,0.016830908571740556,-0.0005137137444989374
277_756,0.6959046339484756,0.6546190423510787,0.003334439686448447,0.58,0.032527601114399916,0.006627425641014104,0.01728865802702059
278_757,0.5258981995007215,0.5174446767606296,0.03188671769305958,0.43961937301444587,0.03993927676860389,0.05943566714384191,0.007551100796533957
279_758,0.45614920892608335,0.44504953462371705,0.004533185135168146,0.32571428571428573,0.009609552139914853,0.00893917607554565,0.0012501518378744527
280_759,0.6715184010117727,0.6493748034571091,0.02049911938512803,0.6290990627020039,0.02346232571701276,0.03966010944791978,0.010860291803446926
281_760,0.4789302020569567,0.5034628142463751,0.013762270500245918,0.5633333333333334,0.042976080422287614,0.026770586599919523,0.0018907716702994317
283_762,0.5600282645868909,0.5369506276800644,0.07948716320250342,0.45031578947368417,0.12917044393862065,0.13414414763162533,0.04135564019553026
3_3,0.9083333333333333,0.8291666666666666,0.3214285714285714,1.0,0.5,0.4583333333333333,0.16608391608391607
37_69,0.7708333333333334,0.7916666666666666,0.35,1.0,0.5,0.5,0.06944444444444445
37_70,0.3125,0.34375,0.0,0.0,0.19583333333333333,0.0,-0.03263888888888889
37_74,0.75,0.7678571428571428,0.45,1.0,0.75,0.6190476190476191,0.1527777777777778
40_95,0.7731481481481483,0.6203703703703703,0.17777777777777778,0.6666666666666666,0.4166666666666667,0.27777777777777773,0.0824074074074074
40_96,0.4513888888888889,0.3472222222222222,0.0,0.0,0.22916666666666666,0.0,0.009027777777777773
46_120,0.9555555555555555,0.7,0.5666666666666667,1.0,0.9444444444444444,0.6933333333333334,0.05777777777777778
5_5,0.5846949891067538,0.5193014705882353,0.09027777777777778,0.5,0.21237373737373738,0.15000000000000002,0.004834054834054846
53_178,0.5625,0.43125,0.05,0.5,0.20833333333333331,0.09090909090909091,0.003156565656565656
7_11,0.6875,0.6180555555555555,0.38888888888888884,0.8333333333333334,0.6031746031746031,0.5277777777777778,0.07103174603174603
70_211,0.1349206349206349,0.18230625583566762,0.0,0.0,0.10899470899470898,0.0,-0.03386243386243386
71_212,0.4785714285714286,0.5410714285714286,0.25,0.75,0.5277777777777778,0.375,-0.04494949494949495
71_213,0.5083333333333333,0.55,0.45833333333333326,0.75,0.6319444444444444,0.5666666666666667,0.03560606060606062
8_12,0.5863095238095238,0.5223214285714286,0.2708333333333333,0.6666666666666666,0.5079365079365079,0.37777777777777777,0.0011904761904761862
8_13,0.6706349206349206,0.6408730158730158,0.3611111111111111,0.8888888888888888,0.5661375661375662,0.5037037037037037,0.02936507936507936
80_239,0.5727272727272728,0.5287878787878788,0.15000000000000002,0.6666666666666666,0.24365079365079362,0.2159090909090909,0.00921855921855921
82_242,0.7841782765737875,0.7228586171310629,0.3371212121212121,0.7916666666666666,0.4929887106357695,0.463095238095238,0.15643616471621585
82_243,0.5714285714285714,0.5892857142857143,0.3416666666666667,0.75,0.6666666666666667,0.4047619047619047,-0.07291666666666667
83_245,0.125,0.3125,0.0,0.0,0.29166666666666663,0.0,-0.12083333333333333
85_247,0.6902777777777778,0.7125,0.7333333333333333,0.75,0.7618055555555555,0.6805128205128205,0.15369103119103117
85_248,0.8958333333333334,0.75,0.41666666666666663,0.75,0.7083333333333333,0.5333333333333333,0.05773809523809524
86_249,0.4675925925925926,0.45601851851851855,0.06666666666666667,0.3333333333333333,0.3444444444444444,0.1111111111111111,-0.015698653198653198
88_254,0.7190476190476192,0.6514880952380953,0.24791666666666667,0.7083333333333334,0.35783730158730154,0.3416666666666666,0.08120039682539683
89_255,0.36190476190476195,0.41031746031746036,0.06666666666666667,0.16666666666666666,0.19166666666666665,0.09523809523809523,-0.04272486772486772
9_18,0.26666666666666666,0.19999999999999998,0.06666666666666667,0.16666666666666666,0.34722222222222215,0.09523809523809523,-0.09940476190476188
90_256,0.2885199485199485,0.2941634491634491,0.0,0.0,0.06012345679012346,0.0,-0.011690684122626046
91_257,0.8452380952380952,0.7514880952380951,0.6458333333333333,0.8333333333333333,0.8621031746031745,0.6611111111111111,0.08521825396825397
92_258,0.7511904761904762,0.6886904761904761,0.5166666666666666,0.6666666666666666,0.7430158730158729,0.5288888888888889,0.06039682539682539
93_259,0.4070424190756672,0.4288941202304374,0.21205461205461207,0.3827777777777778,0.308387545807589,0.26296918767507005,-0.03900285566565257
